{"cameraMode":{"drawMode":0,"name":"Shaded","section":"Shading Mode"},"sceneLighting":true,"audioPlay":false,"sceneViewState":{"m_AlwaysRefresh":false,"showFog":true,"showSkybox":true,"showFlares":true,"showImageEffects":true,"showParticleSystems":true,"showVisualEffectGraphs":true,"m_FxEnabled":true},"in2DMode":false,"pivot":{"x":-118.51165771484375,"y":-42.22231674194336,"z":167.94647216796876},"rotation":{"x":-0.10110963881015778,"y":0.3072269558906555,"z":-0.03284629061818123,"w":-0.9456993341445923},"size":106.62962341308594,"orthographic":false}